"identificacion","escenario","tiempo_total","pond_preocupacion","pond_prisa","pond_depresion","pond_tension","pond_calma","pond_disfrute","prom_pond_preocupacion","prom_pond_prisa","prom_pond_depresion","prom_pond_tension","prom_pond_calma","prom_pond_disfrute","a_gusto_prom_tiempo"
"Claudia10103Eduardo","Otro",830,4810,4680,1040,2565,3600,6505,5.79518072289157,5.63855421686747,1.25301204819277,3.09036144578313,4.33734939759036,7.83734939759036,NA
"Claudia10107José","Otro",320,2170,2020,440,1390,1300,2650,6.78125,6.3125,1.375,4.34375,4.0625,8.28125,NA
"Claudia10108Guillermo","Otro",750,2440,800,750,1630,5820,6720,3.25333333333333,1.06666666666667,1,2.17333333333333,7.76,8.96,NA
"Claudia11109Marcela","Otro",860,4435,4685,860,4255,5890,6730,5.15697674418605,5.44767441860465,1,4.94767441860465,6.84883720930233,7.82558139534884,NA
"Claudia11111Juan Pablo","Otro",690,690,690,690,870,5460,6720,1,1,1,1.26086956521739,7.91304347826087,9.73913043478261,NA
"Claudia11111Rosa","Otro",320,460,340,320,440,2500,3140,1.4375,1.0625,1,1.375,7.8125,9.8125,NA
"Claudia11113Julia","Otro",760,3705,2390,1005,4395,3820,6465,4.875,3.14473684210526,1.32236842105263,5.78289473684211,5.02631578947368,8.50657894736842,NA
"Claudia11113Raúl","Otro",600,600,1560,600,1560,3000,4320,1,2.6,1,2.6,5,7.2,NA
"Claudia11114Santiago","Otro",600,2100,2280,600,600,3960,5130,3.5,3.8,1,1,6.6,8.55,NA
"Claudia11118Salvador","Otro",300,300,300,300,300,2340,2400,1,1,1,1,7.8,8,NA
"Claudia11402Juan Manuel","Otro",640,1360,640,820,700,4440,5240,2.125,1,1.28125,1.09375,6.9375,8.1875,NA
"Claudia12302Sergio","Otro",335,2310,335,335,2025,1235,2680,6.8955223880597,1,1,6.04477611940298,3.6865671641791,8,NA
"Claudia12303Elvira","Otro",420,1680,420,420,420,3360,3180,4,1,1,1,8,7.57142857142857,NA
"Claudia12408Marcelo","Otro",300,1500,840,570,1080,1740,2370,5,2.8,1.9,3.6,5.8,7.9,NA
"Claudia131314Victor","Otro",130,680,690,130,560,950,1130,5.23076923076923,5.30769230769231,1,4.30769230769231,7.30769230769231,8.69230769230769,NA
"Claudia13206Mariana","Otro",590,2100,3455,1295,2930,3605,4255,3.5593220338983,5.85593220338983,2.19491525423729,4.96610169491525,6.11016949152542,7.21186440677966,NA
"Claudia13215Mauricio","Otro",410,410,440,410,410,2430,2840,1,1.07317073170732,1,1,5.92682926829268,6.92682926829268,NA
"Claudia1401Florencia","Otro",955,975,2185,955,1095,7085,8460,1.02094240837696,2.28795811518325,1,1.14659685863874,7.41884816753927,8.8586387434555,NA
"Claudia1402Alejandro","Otro",395,1145,815,395,395,2465,3520,2.89873417721519,2.06329113924051,1,1,6.24050632911392,8.91139240506329,NA
"Claudia1417Esteban","Otro",245,335,390,275,245,1795,2180,1.36734693877551,1.59183673469388,1.12244897959184,1,7.3265306122449,8.89795918367347,NA
"Claudia151203Gabriela","Otro",305,1905,1890,1990,1850,930,2425,6.24590163934426,6.19672131147541,6.52459016393443,6.0655737704918,3.04918032786885,7.95081967213115,NA
"Claudia151209Martín","Otro",175,220,300,175,235,1330,1505,1.25714285714286,1.71428571428571,1,1.34285714285714,7.6,8.6,NA
"Claudia151210José Luis","Otro",275,1660,275,335,335,1500,1915,6.03636363636364,1,1.21818181818182,1.21818181818182,5.45454545454545,6.96363636363636,NA
"Claudia151210Mónica","Otro",145,145,1130,145,145,145,1160,1,7.79310344827586,1,1,1,8,NA
"Claudia151211Rocío","Otro",795,5025,3630,795,5010,2460,6165,6.32075471698113,4.56603773584906,1,6.30188679245283,3.09433962264151,7.75471698113208,NA
"Claudia2414Cecilia","Otro",620,875,1510,620,740,4530,5780,1.41129032258065,2.43548387096774,1,1.19354838709677,7.30645161290323,9.32258064516129,NA
"Claudia3308Pablo","Otro",215,320,400,215,210,1695,1915,1.48837209302326,1.86046511627907,1,0.976744186046512,7.88372093023256,8.90697674418605,NA
"Claudia3313Orlando","Otro",210,660,375,210,510,1425,1680,3.14285714285714,1.78571428571429,1,2.42857142857143,6.78571428571429,8,NA
"Claudia41313Gaston","Otro",210,210,210,210,330,1390,1790,1,1,1,1.57142857142857,6.61904761904762,8.52380952380952,NA
"Claudia41313Guillermo","Otro",175,175,175,175,175,1440,1620,1,1,1,1,8.22857142857143,9.25714285714286,NA
"Claudia51309Fernando","Otro",455,1000,1115,790,1150,3360,3895,2.1978021978022,2.45054945054945,1.73626373626374,2.52747252747253,7.38461538461539,8.56043956043956,NA
"Claudia61301Mariana","Otro",460,460,1885,460,1770,2630,3680,1,4.09782608695652,1,3.84782608695652,5.71739130434783,8,NA
"Claudia61303Daniel","Otro",140,140,365,140,290,1010,1175,1,2.60714285714286,1,2.07142857142857,7.21428571428571,8.39285714285714,NA
"Claudia61307Elisabet","Otro",420,1710,420,540,420,3120,3420,4.07142857142857,1,1.28571428571429,1,7.42857142857143,8.14285714285714,NA
"Claudia61307Esther","Otro",350,385,1720,1950,1420,1950,2795,1.1,4.91428571428571,5.57142857142857,4.05714285714286,5.57142857142857,7.98571428571429,NA
"Claudia61307Miguel","Otro",350,2310,1710,350,1830,1310,2880,6.6,4.88571428571429,1,5.22857142857143,3.74285714285714,8.22857142857143,NA
"Claudia71220Pablo","Otro",320,320,320,320,1880,1750,2830,1,1,1,5.875,5.46875,8.84375,NA
"Claudia71221Natalia","Otro",260,1370,1430,260,1400,960,2050,5.26923076923077,5.5,1,5.38461538461539,3.69230769230769,7.88461538461539,NA
"Claudia71302Antonia","Otro",455,2555,455,2465,2320,985,3445,5.61538461538461,1,5.41758241758242,5.0989010989011,2.16483516483516,7.57142857142857,NA
"Claudia71302Ramiro","Otro",380,380,380,380,350,2995,3400,1,1,1,0.921052631578947,7.88157894736842,8.94736842105263,NA
"Claudia81318Celestina","Otro",210,210,210,210,210,1620,1890,1,1,1,1,7.71428571428571,9,NA
"Claudia9101Esteban","Otro",615,615,615,615,615,5685,5730,1,1,1,1,9.24390243902439,9.31707317073171,NA
"Claudia9101Roberto","Otro",375,375,650,375,375,3230,3085,1,1.73333333333333,1,1,8.61333333333333,8.22666666666667,NA
"Claudia9116Lorena","Otro",470,530,530,480,480,2375,3650,1.12765957446809,1.12765957446809,1.02127659574468,1.02127659574468,5.0531914893617,7.76595744680851,NA
"Claudia91214Juan","Otro",495,495,570,495,495,3840,4010,1,1.15151515151515,1,1,7.75757575757576,8.1010101010101,NA
"Gabriela10108Elsa","Otro",825,825,3285,825,825,7860,7875,1,3.98181818181818,1,1,9.52727272727273,9.54545454545454,NA
"Gabriela10108Eugenia","Otro",160,380,210,160,180,1340,1460,2.375,1.3125,1,1.125,8.375,9.125,NA
"Gabriela10108Luciano","Otro",150,150,270,150,150,1290,990,1,1.8,1,1,8.6,6.6,NA
"Gabriela10110Angel","Otro",70,115,195,70,100,645,660,1.64285714285714,2.78571428571429,1,1.42857142857143,9.21428571428571,9.42857142857143,NA
"Gabriela10110Lucrecia","Otro",465,1395,2025,720,915,3105,3330,3,4.35483870967742,1.54838709677419,1.96774193548387,6.67741935483871,7.16129032258065,NA
"Gabriela10110María Isabel","Otro",780,1260,1770,1380,1650,6420,7440,1.61538461538462,2.26923076923077,1.76923076923077,2.11538461538462,8.23076923076923,9.53846153846154,NA
"Gabriela10110Silvia","Otro",300,705,375,300,450,2745,2790,2.35,1.25,1,1.5,9.15,9.3,NA
"Gabriela10211Mimi","Otro",55,115,155,65,135,420,430,2.09090909090909,2.81818181818182,1.18181818181818,2.45454545454545,7.63636363636364,7.81818181818182,NA
"Gabriela11114Carolina","Otro",535,535,535,535,1345,4975,4540,1,1,1,2.51401869158878,9.29906542056075,8.48598130841122,NA
"Gabriela12411Nicolás","Otro",255,445,475,335,325,2235,2120,1.74509803921569,1.86274509803922,1.31372549019608,1.27450980392157,8.76470588235294,8.31372549019608,NA
"Gabriela131314Marianella","Otro",530,560,1395,530,620,5070,4645,1.05660377358491,2.63207547169811,1,1.16981132075472,9.56603773584906,8.76415094339623,NA
"Gabriela131318Atilio","Otro",345,1725,945,345,915,2820,2610,5,2.73913043478261,1,2.65217391304348,8.17391304347826,7.56521739130435,NA
"Gabriela131318José","Otro",25,110,25,25,115,210,195,4.4,1,1,4.6,8.4,7.8,NA
"Gabriela131318María Hebe","Otro",230,310,230,255,700,1850,2210,1.34782608695652,1,1.10869565217391,3.04347826086957,8.04347826086956,9.60869565217391,NA
"Gabriela131327Carmen","Otro",690,690,2020,690,690,6600,6770,1,2.92753623188406,1,1,9.56521739130435,9.81159420289855,NA
"Gabriela141204Paula","Otro",320,880,810,1250,1360,2060,1510,2.75,2.53125,3.90625,4.25,6.4375,4.71875,NA
"Gabriela14203Julieta","Otro",705,885,825,705,705,6540,6690,1.25531914893617,1.17021276595745,1,1,9.27659574468085,9.48936170212766,NA
"Gabriela14204María Laura","Otro",535,610,535,550,585,4810,4945,1.14018691588785,1,1.02803738317757,1.09345794392523,8.99065420560748,9.24299065420561,NA
"Gabriela151203Fabián","Otro",220,860,865,440,905,1370,1660,3.90909090909091,3.93181818181818,2,4.11363636363636,6.22727272727273,7.54545454545455,NA
"Gabriela151208Carlos","Otro",245,490,490,460,370,2450,2450,2,2,1.87755102040816,1.51020408163265,10,10,NA
"Gabriela151209Maria jose","Otro",325,1000,835,325,465,2180,2860,3.07692307692308,2.56923076923077,1,1.43076923076923,6.70769230769231,8.8,NA
"Gabriela151211Agustina","Otro",130,255,265,130,165,1015,1040,1.96153846153846,2.03846153846154,1,1.26923076923077,7.80769230769231,8,NA
"Gabriela151211Claudio","Otro",680,6800,6800,6800,6800,965,1100,10,10,10,10,1.41911764705882,1.61764705882353,NA
"Gabriela2315Amadeo","Otro",120,240,245,120,330,840,930,2,2.04166666666667,1,2.75,7,7.75,NA
"Gabriela3313Maria Elena","Otro",170,180,170,170,170,1700,1700,1.05882352941176,1,1,1,10,10,NA
"Gabriela41311Delfina","Otro",755,3915,4370,755,1835,6100,4080,5.18543046357616,5.78807947019868,1,2.43046357615894,8.0794701986755,5.40397350993377,NA
"Gabriela51309Aldana","Otro",240,255,300,255,465,1890,2160,1.0625,1.25,1.0625,1.9375,7.875,9,NA
"Gabriela61301Angel","Otro",565,835,845,905,1145,5085,5085,1.47787610619469,1.49557522123894,1.60176991150442,2.02654867256637,9,9,NA
"Gabriela61301Eugenia","Otro",375,375,375,375,375,3645,3540,1,1,1,1,9.72,9.44,NA
"Gabriela61301María Rosa","Otro",180,180,180,180,180,1740,1740,1,1,1,1,9.66666666666667,9.66666666666667,NA
"Gabriela61307Virginia","Otro",345,2430,2625,995,1065,1995,2690,7.04347826086957,7.60869565217391,2.88405797101449,3.08695652173913,5.78260869565217,7.79710144927536,NA
"Gabriela61308Juan Pablo","Otro",90,570,570,420,480,540,660,6.33333333333333,6.33333333333333,4.66666666666667,5.33333333333333,6,7.33333333333333,NA
"Gabriela61320Jorge","Otro",675,705,735,675,675,6195,6195,1.04444444444444,1.08888888888889,1,1,9.17777777777778,9.17777777777778,NA
"Gabriela71220Abel","Otro",130,130,130,130,130,1130,1050,1,1,1,1,8.69230769230769,8.07692307692308,NA
"Gabriela71302Antonela","Otro",545,545,965,545,965,5000,4925,1,1.77064220183486,1,1.77064220183486,9.1743119266055,9.03669724770642,NA
"Gabriela71302Dario","Otro",375,1335,1375,375,1325,2040,3035,3.56,3.66666666666667,1,3.53333333333333,5.44,8.09333333333333,NA
"Gabriela81218Sandra","Otro",175,1025,485,350,350,1370,1530,5.85714285714286,2.77142857142857,2,2,7.82857142857143,8.74285714285714,NA
"Gabriela9101Ester","Otro",400,480,480,590,830,3830,3980,1.2,1.2,1.475,2.075,9.575,9.95,NA
"Gabriela9101Julieta","Otro",422,725,636,603,789,3644,3798,1.71800947867299,1.50710900473934,1.42890995260664,1.8696682464455,8.63507109004739,9,NA
"Gabriela9101Sergio","Otro",650,2590,2790,650,2570,5500,5970,3.98461538461538,4.29230769230769,1,3.95384615384615,8.46153846153846,9.18461538461538,NA
"Gabriela9102Enrique","Otro",725,725,725,725,725,7250,7250,1,1,1,1,10,10,NA
"Gabriela9102Ezequiel","Otro",765,1515,795,1155,1815,6720,6720,1.98039215686275,1.03921568627451,1.50980392156863,2.37254901960784,8.7843137254902,8.7843137254902,NA
"Gabriela9102Guillermo","Otro",480,1480,480,480,1080,3910,4360,3.08333333333333,1,1,2.25,8.14583333333333,9.08333333333333,NA
"Gabriela91214Emanuel","Otro",765,765,765,765,945,7410,7440,1,1,1,1.23529411764706,9.68627450980392,9.72549019607843,NA
"Gabriela91214María Cristina","Otro",250,250,250,250,250,2240,2230,1,1,1,1,8.96,8.92,NA
"Majo1-Yvess","Otro",100,460,320,340,300,620,780,4.6,3.2,3.4,3,6.2,7.8,NA
"Majo10110Hernán","Otro",385,1115,945,770,1095,2965,3055,2.8961038961039,2.45454545454545,2,2.84415584415584,7.7012987012987,7.93506493506494,NA
"Majo10211Ruben","Otro",75,150,300,150,225,585,600,2,4,2,3,7.8,8,NA
"Majo11109ale","Otro",220,680,470,545,620,1505,1670,3.09090909090909,2.13636363636364,2.47727272727273,2.81818181818182,6.84090909090909,7.59090909090909,NA
"Majo11109leo","Otro",15,45,45,45,75,105,135,3,3,3,5,7,9,NA
"Majo11403Alfredo","Otro",360,1240,840,720,1410,1900,2930,3.44444444444444,2.33333333333333,2,3.91666666666667,5.27777777777778,8.13888888888889,NA
"Majo131315graciela","Otro",770,1720,1570,1540,1660,5670,6570,2.23376623376623,2.03896103896104,2,2.15584415584416,7.36363636363636,8.53246753246753,NA
"Majo13209Agus","Otro",180,670,635,400,340,1340,1515,3.72222222222222,3.52777777777778,2.22222222222222,1.88888888888889,7.44444444444444,8.41666666666667,NA
"Majo13209norma","Otro",375,810,930,750,750,2865,2955,2.16,2.48,2,2,7.64,7.88,NA
"Majo13305Fabián","Otro",130,395,535,260,345,965,1055,3.03846153846154,4.11538461538461,2,2.65384615384615,7.42307692307692,8.11538461538461,NA
"Majo13305Ricardo","Otro",130,585,705,260,645,725,1105,4.5,5.42307692307692,2,4.96153846153846,5.57692307692308,8.5,NA
"Majo13311Leonardo","Otro",225,450,450,450,480,1620,1860,2,2,2,2.13333333333333,7.2,8.26666666666667,NA
"Majo13311Valeria","Otro",635,1320,1500,1270,1270,4670,5255,2.07874015748031,2.36220472440945,2,2,7.35433070866142,8.2755905511811,NA
"Majo13311gustavo","Otro",355,720,875,715,805,2655,3005,2.02816901408451,2.46478873239437,2.01408450704225,2.26760563380282,7.47887323943662,8.46478873239437,NA
"Majo141204Ricardo","Otro",530,2860,1800,1060,1060,4540,4295,5.39622641509434,3.39622641509434,2,2,8.56603773584906,8.10377358490566,NA
"Majo1416irina","Otro",325,650,725,885,680,2465,2650,2,2.23076923076923,2.72307692307692,2.09230769230769,7.58461538461538,8.15384615384615,NA
"Majo14202María","Otro",345,690,690,690,690,2670,2835,2,2,2,2,7.73913043478261,8.21739130434783,NA
"Majo14203Liliana","Otro",300,1200,1770,600,780,2250,1620,4,5.9,2,2.6,7.5,5.4,NA
"Majo14207Ana","Otro",670,1530,1850,1635,1800,5065,5635,2.28358208955224,2.76119402985075,2.44029850746269,2.6865671641791,7.55970149253731,8.41044776119403,NA
"Majo14207Cristina","Otro",490,980,2830,1430,1160,3590,4050,2,5.77551020408163,2.91836734693878,2.36734693877551,7.3265306122449,8.26530612244898,NA
"Majo14207Florencia","Otro",355,710,790,710,980,2775,3220,2,2.22535211267606,2,2.76056338028169,7.8169014084507,9.07042253521127,NA
"Majo14207Javier","Otro",105,275,290,195,195,815,850,2.61904761904762,2.76190476190476,1.85714285714286,1.85714285714286,7.76190476190476,8.09523809523809,NA
"Majo14207Marisa","Otro",360,840,1080,720,720,2700,3240,2.33333333333333,3,2,2,7.5,9,NA
"Majo14214Ana María","Otro",140,280,280,280,280,1105,1155,2,2,2,2,7.89285714285714,8.25,NA
"Majo151208Guillermo","Otro",795,1590,1590,1590,1590,6420,6610,2,2,2,2,8.07547169811321,8.31446540880503,NA
"Majo161204Oscar","Otro",380,760,760,760,760,3400,3760,2,2,2,2,8.94736842105263,9.89473684210526,NA
"Majo21309Victoria","Otro",565,1250,1270,1070,1450,3795,4395,2.21238938053097,2.24778761061947,1.89380530973451,2.56637168141593,6.71681415929203,7.7787610619469,NA
"Majo3308Mónica","Otro",165,330,330,330,330,1295,1445,2,2,2,2,7.84848484848485,8.75757575757576,NA
"Majo3314Laura","Otro",210,1100,785,250,370,1605,1690,5.23809523809524,3.73809523809524,1.19047619047619,1.76190476190476,7.64285714285714,8.04761904761905,NA
"Majo4-Laura","Otro",390,780,1000,780,780,2845,3200,2,2.56410256410256,2,2,7.29487179487179,8.2051282051282,NA
"Majo51309Augusto","Otro",235,470,470,470,470,1880,1985,2,2,2,2,8,8.4468085106383,NA
"Majo51309Esteban","Otro",735,1470,1470,1470,1470,5890,6650,2,2,2,2,8.01360544217687,9.04761904761905,NA
"Majo51309Graciela","Otro",570,1140,1140,1140,1140,4560,5220,2,2,2,2,8,9.1578947368421,NA
"Majo51309Marta","Otro",280,650,890,560,560,2100,2370,2.32142857142857,3.17857142857143,2,2,7.5,8.46428571428571,NA
"Majo51309rodrigo","Otro",1055,2710,2755,2110,2110,7505,8760,2.56872037914692,2.61137440758294,2,2,7.11374407582938,8.30331753554502,NA
"Majo71221Magalí","Otro",300,1140,1355,600,815,2380,2395,3.8,4.51666666666667,2,2.71666666666667,7.93333333333333,7.98333333333333,NA
"Majo73005Maricel","Otro",325,650,650,650,650,2540,2435,2,2,2,2,7.81538461538462,7.49230769230769,NA
"Majo81218Chiqui","Otro",1040,2220,2080,2080,2080,8700,9555,2.13461538461538,2,2,2,8.36538461538461,9.1875,NA
"Majo81218Emi","Otro",590,1435,2395,1180,1870,5035,4895,2.43220338983051,4.05932203389831,2,3.16949152542373,8.53389830508475,8.29661016949153,NA
"Majo9115Fabiana","Otro",35,175,115,70,195,215,320,5,3.28571428571429,2,5.57142857142857,6.14285714285714,9.14285714285714,NA
"Majo91214Liliana","Otro",580,1160,1400,1160,1160,4460,4470,2,2.41379310344828,2,2,7.68965517241379,7.70689655172414,NA
"Paola10104graciela","Otro",350,350,930,350,350,2925,3010,1,2.65714285714286,1,1,8.35714285714286,8.6,NA
"Paola10211Jorgelina","Otro",170,515,1170,170,1125,890,1430,3.02941176470588,6.88235294117647,1,6.61764705882353,5.23529411764706,8.41176470588235,NA
"Paola11402Jorgelina","Otro",105,465,105,105,105,885,1050,4.42857142857143,1,1,1,8.42857142857143,10,NA
"Paola11403Matias","Otro",145,455,510,265,580,1145,1035,3.13793103448276,3.51724137931034,1.82758620689655,4,7.89655172413793,7.13793103448276,NA
"Paola11415Virginia","Otro",710,2530,3310,1420,2500,5220,4590,3.56338028169014,4.66197183098592,2,3.52112676056338,7.35211267605634,6.46478873239437,NA
"Paola12301Lidia","Otro",575,1150,1150,1150,1150,4745,5175,2,2,2,2,8.25217391304348,9,NA
"Paola12405Julieta","Otro",310,310,760,310,310,2750,2275,1,2.45161290322581,1,1,8.87096774193548,7.33870967741935,NA
"Paola12408Enrique","Otro",250,580,960,500,470,2080,2270,2.32,3.84,2,1.88,8.32,9.08,NA
"Paola12408Rossana","Otro",180,360,360,180,360,1515,1575,2,2,1,2,8.41666666666667,8.75,NA
"Paola12410Felipe","Otro",65,260,360,125,460,325,290,4,5.53846153846154,1.92307692307692,7.07692307692308,5,4.46153846153846,NA
"Paola131314Irene","Otro",480,1045,1075,480,1930,3765,4320,2.17708333333333,2.23958333333333,1,4.02083333333333,7.84375,9,NA
"Paola131314sebastián","Otro",180,180,480,180,180,1500,1530,1,2.66666666666667,1,1,8.33333333333333,8.5,NA
"Paola131315Santiago","Otro",290,290,290,290,810,2320,2620,1,1,1,2.79310344827586,8,9.03448275862069,NA
"Paola131317cintia","Otro",540,965,2015,540,540,3665,3150,1.78703703703704,3.73148148148148,1,1,6.78703703703704,5.83333333333333,NA
"Paola13209miguel","Otro",360,540,540,360,360,2830,2780,1.5,1.5,1,1,7.86111111111111,7.72222222222222,NA
"Paola13305Sofía","Otro",671,4997,671,671,6620,4385,5199,7.44709388971684,1,1,9.86587183308495,6.53502235469449,7.74813710879285,NA
"Paola13310María Paz","Otro",870,870,3610,870,2305,6800,7055,1,4.14942528735632,1,2.64942528735632,7.81609195402299,8.10919540229885,NA
"Paola13310ezequiel","Otro",295,295,355,295,295,2665,2695,1,1.20338983050847,1,1,9.03389830508475,9.13559322033898,NA
"Paola1401Leo","Otro",90,360,405,120,345,360,705,4,4.5,1.33333333333333,3.83333333333333,4,7.83333333333333,NA
"Paola1416Mabel","Otro",320,640,820,640,820,2200,2120,2,2.5625,2,2.5625,6.875,6.625,NA
"Paola151203María Celia","Otro",495,495,755,495,865,4290,4215,1,1.52525252525253,1,1.74747474747475,8.66666666666667,8.51515151515152,NA
"Paola151208Daiana","Otro",515,830,1385,515,1925,3990,3970,1.61165048543689,2.68932038834951,1,3.7378640776699,7.74757281553398,7.70873786407767,NA
"Paola151211Margarita","Otro",360,360,600,360,900,2880,3120,1,1.66666666666667,1,2.5,8,8.66666666666667,NA
"Paola151211santiago","Otro",335,1180,905,335,1670,2425,2660,3.52238805970149,2.70149253731343,1,4.98507462686567,7.23880597014925,7.94029850746269,NA
"Paola161201Facundo","Otro",392,2012,1982,392,1986,2163,1473,5.13265306122449,5.05612244897959,1,5.06632653061224,5.51785714285714,3.75765306122449,NA
"Paola2315Bernardo","Otro",510,1035,1870,1020,1040,4185,4295,2.02941176470588,3.66666666666667,2,2.03921568627451,8.20588235294118,8.42156862745098,NA
"Paola2412Olga","Otro",190,490,750,380,620,1335,1165,2.57894736842105,3.94736842105263,2,3.26315789473684,7.02631578947368,6.13157894736842,NA
"Paola2413Ayelén","Otro",380,455,575,380,1245,3055,3340,1.19736842105263,1.51315789473684,1,3.27631578947368,8.03947368421053,8.78947368421053,NA
"Paola2413Sergio","Otro",95,600,600,95,485,730,885,6.31578947368421,6.31578947368421,1,5.10526315789474,7.68421052631579,9.31578947368421,NA
"Paola2414Karina","Otro",550,490,650,490,885,4050,4165,0.890909090909091,1.18181818181818,0.890909090909091,1.60909090909091,7.36363636363636,7.57272727272727,NA
"Paola3313Martín","Otro",410,450,840,410,635,3450,3485,1.09756097560976,2.04878048780488,1,1.54878048780488,8.41463414634146,8.5,NA
"Paola3314Ximena","Otro",425,1440,2050,425,1750,3325,3210,3.38823529411765,4.82352941176471,1,4.11764705882353,7.82352941176471,7.55294117647059,NA
"Paola61306Claudia","Otro",795,1980,1185,1320,3180,6015,6315,2.49056603773585,1.49056603773585,1.66037735849057,4,7.56603773584906,7.94339622641509,NA
"Paola61320Joaquin","Otro",85,230,170,170,170,690,665,2.70588235294118,2,2,2,8.11764705882353,7.82352941176471,NA
"Paola71302Mariana","Otro",420,670,750,1640,1950,2870,3530,1.5952380952381,1.78571428571429,3.9047619047619,4.64285714285714,6.83333333333333,8.40476190476191,NA
"Paola71304Elida","Otro",40,120,120,40,40,160,360,3,3,1,1,4,9,NA
"Paola71304Roberto","Otro",180,210,725,180,830,1460,1545,1.16666666666667,4.02777777777778,1,4.61111111111111,8.11111111111111,8.58333333333333,NA
"Paola81215Carlos","Otro",270,810,660,540,600,2160,2110,3,2.44444444444444,2,2.22222222222222,8,7.81481481481481,NA
"Paola81215José","Otro",665,665,665,665,665,5420,6035,1,1,1,1,8.15037593984962,9.07518796992481,NA
"Paola81215María","Otro",365,545,695,365,365,2830,3120,1.49315068493151,1.9041095890411,1,1,7.75342465753425,8.54794520547945,NA
"Paola81219Guadalupe","Otro",30,30,30,30,30,270,240,1,1,1,1,9,8,NA
"Paola9101Federico","Otro",90,90,165,90,135,695,660,1,1.83333333333333,1,1.5,7.72222222222222,7.33333333333333,NA
"Paola9101Victoria","Otro",320,340,640,320,580,2750,2740,1.0625,2,1,1.8125,8.59375,8.5625,NA
"Silvio10104Facundo","Otro",625,925,925,625,995,5420,5475,1.48,1.48,1,1.592,8.672,8.76,NA
"Silvio10104German","Otro",345,1005,1345,285,970,2440,2820,2.91304347826087,3.89855072463768,0.826086956521739,2.81159420289855,7.07246376811594,8.17391304347826,NA
"Silvio10104Pachi","Otro",470,470,500,470,670,3670,4050,1,1.06382978723404,1,1.42553191489362,7.80851063829787,8.61702127659574,NA
"Silvio10105Josefina","Otro",290,290,290,290,290,2890,2890,1,1,1,1,9.96551724137931,9.96551724137931,NA
"Silvio10106Melina","Otro",890,2640,4025,1270,3310,4300,5705,2.96629213483146,4.52247191011236,1.42696629213483,3.71910112359551,4.8314606741573,6.41011235955056,NA
"Silvio10106Pedro","Otro",75,435,195,75,195,600,540,5.8,2.6,1,2.6,8,7.2,NA
"Silvio10107Aymara","Otro",760,760,3135,760,760,6385,5400,1,4.125,1,1,8.40131578947368,7.10526315789474,NA
"Silvio10110Mateo","Otro",145,1075,380,145,205,1155,1450,7.41379310344828,2.62068965517241,1,1.41379310344828,7.96551724137931,10,NA
"Silvio101301Natalia","Otro",35,75,115,35,75,235,315,2.14285714285714,3.28571428571429,1,2.14285714285714,6.71428571428571,9,NA
"Silvio11404Camila","Otro",450,2505,2785,820,2815,2025,3035,5.56666666666667,6.18888888888889,1.82222222222222,6.25555555555556,4.5,6.74444444444444,NA
"Silvio11404Nicolás","Otro",215,705,705,645,645,1765,1630,3.27906976744186,3.27906976744186,3,3,8.2093023255814,7.58139534883721,NA
"Silvio12303MagalÍ","Otro",235,385,370,295,310,1875,2070,1.63829787234043,1.57446808510638,1.25531914893617,1.31914893617021,7.97872340425532,8.80851063829787,NA
"Silvio12303Sebastián","Otro",935,7180,5865,3535,1510,8395,6720,7.67914438502674,6.27272727272727,3.7807486631016,1.61497326203209,8.97860962566845,7.18716577540107,NA
"Silvio12405Graciela","Otro",280,640,620,460,380,2460,2720,2.28571428571429,2.21428571428571,1.64285714285714,1.35714285714286,8.78571428571429,9.71428571428571,NA
"Silvio12408Cacho","Otro",900,1635,1635,1465,1445,7515,5975,1.81666666666667,1.81666666666667,1.62777777777778,1.60555555555556,8.35,6.63888888888889,NA
"Silvio12411Paula","Otro",260,960,660,250,330,2060,2075,3.69230769230769,2.53846153846154,0.961538461538462,1.26923076923077,7.92307692307692,7.98076923076923,NA
"Silvio131317Rodrigo","Otro",445,2390,2605,1355,2420,2395,3420,5.37078651685393,5.85393258426966,3.04494382022472,5.43820224719101,5.38202247191011,7.68539325842697,NA
"Silvio13206Carmen","Otro",310,1270,700,315,1025,2645,2540,4.09677419354839,2.25806451612903,1.01612903225806,3.30645161290323,8.53225806451613,8.19354838709677,NA
"Silvio13215Rocío","Otro",265,265,265,265,265,2645,2645,1,1,1,1,9.9811320754717,9.9811320754717,NA
"Silvio13304Facundo","Otro",70,490,70,70,70,450,410,7,1,1,1,6.42857142857143,5.85714285714286,NA
"Silvio13305Federico","Otro",130,550,750,390,400,940,1050,4.23076923076923,5.76923076923077,3,3.07692307692308,7.23076923076923,8.07692307692308,NA
"Silvio13305Soledad","Otro",515,1270,3695,570,2305,2795,2960,2.46601941747573,7.1747572815534,1.10679611650485,4.47572815533981,5.42718446601942,5.74757281553398,NA
"Silvio13306Matias","Otro",140,240,450,370,340,1090,1210,1.71428571428571,3.21428571428571,2.64285714285714,2.42857142857143,7.78571428571429,8.64285714285714,NA
"Silvio13310Carlos","Otro",640,740,655,640,1110,5255,5440,1.15625,1.0234375,1,1.734375,8.2109375,8.5,NA
"Silvio13310Norma","Otro",25,35,50,25,35,205,230,1.4,2,1,1.4,8.2,9.2,NA
"Silvio14207Renzo","Otro",190,270,320,190,190,1520,1620,1.42105263157895,1.68421052631579,1,1,8,8.52631578947368,NA
"Silvio161204Ariel","Otro",795,815,935,795,795,7690,7935,1.0251572327044,1.17610062893082,1,1,9.67295597484277,9.9811320754717,NA
"Silvio161204Romina","Otro",625,1985,2110,1190,1300,4665,4645,3.176,3.376,1.904,2.08,7.464,7.432,NA
"Silvio3309Ignacio","Otro",215,935,995,215,785,1520,1345,4.34883720930233,4.62790697674419,1,3.65116279069767,7.06976744186047,6.25581395348837,NA
"Silvio3312Francisco","Otro",535,2830,4175,535,1150,4290,1630,5.28971962616822,7.80373831775701,1,2.14953271028037,8.01869158878505,3.04672897196262,NA
"Silvio3312María Paz","Otro",560,1400,2240,560,770,3330,3090,2.5,4,1,1.375,5.94642857142857,5.51785714285714,NA
"Silvio41311Mariana","Otro",390,1470,2740,480,1140,2260,2880,3.76923076923077,7.02564102564103,1.23076923076923,2.92307692307692,5.79487179487179,7.38461538461539,NA
"Silvio41313Gonzalo","Otro",300,820,510,330,540,2580,2220,2.73333333333333,1.7,1.1,1.8,8.6,7.4,NA
"Silvio51310Felipe","Otro",115,230,230,185,245,545,1045,2,2,1.60869565217391,2.1304347826087,4.73913043478261,9.08695652173913,NA
"Silvio61307Alejandra","Otro",880,3075,5575,880,3715,8165,5200,3.49431818181818,6.33522727272727,1,4.22159090909091,9.27840909090909,5.90909090909091,NA
"Silvio61308Marcela","Otro",70,260,250,70,320,540,570,3.71428571428571,3.57142857142857,1,4.57142857142857,7.71428571428571,8.14285714285714,NA
"Silvio61308Mariano","Otro",145,400,675,205,395,920,1320,2.75862068965517,4.6551724137931,1.41379310344828,2.72413793103448,6.3448275862069,9.10344827586207,NA
"Silvio61320Ramiro","Otro",185,425,425,185,185,1385,1260,2.2972972972973,2.2972972972973,1,1,7.48648648648649,6.81081081081081,NA
"Silvio71205Pety","Otro",645,4560,645,645,645,6450,6450,7.06976744186047,1,1,1,10,10,NA
"Silvio71305Nicolás","Otro",710,3870,4175,1490,3970,4960,1810,5.45070422535211,5.88028169014085,2.09859154929577,5.59154929577465,6.98591549295775,2.54929577464789,NA
"Silvio81209Nicolás","Otro",560,560,2660,560,560,5015,4990,1,4.75,1,1,8.95535714285714,8.91071428571429,NA
"Silvio81219Eduardo","Otro",525,585,810,525,705,3690,4710,1.11428571428571,1.54285714285714,1,1.34285714285714,7.02857142857143,8.97142857142857,NA
"Silvio81219Mirta","Otro",590,1805,805,2950,3035,2795,5880,3.0593220338983,1.36440677966102,5,5.14406779661017,4.73728813559322,9.96610169491525,NA
"Silvio81219Sofía","Otro",65,290,165,65,165,380,470,4.46153846153846,2.53846153846154,1,2.53846153846154,5.84615384615385,7.23076923076923,NA
"Silvio81219Walter","Otro",345,1065,750,345,345,2585,2755,3.08695652173913,2.17391304347826,1,1,7.49275362318841,7.98550724637681,NA
"Silvio91213Soledad","Otro",840,1020,1900,840,920,8170,8220,1.21428571428571,2.26190476190476,1,1.0952380952381,9.72619047619048,9.78571428571429,NA
